id;start_date;end_date;language
1;2022-12-20T12:32:23;2022-12-20T10:22:38;SPANISH
2;2022-12-19T21:59:58;2022-12-20T07:25:27;ENGLISH
3;2022-12-20T07:56:10;2022-12-19T20:01:18;ARABIC
4;2022-12-20T12:26:59;2022-12-19T17:53:18;FRENCH
5;2022-12-20T14:43:22;2022-12-19T23:02:20;ENGLISH
6;2022-12-20T00:14:05;2022-12-20T14:14:25;ARABIC
7;2022-12-20T08:17:53;2022-12-19T18:52:02;ENGLISH
8;2022-12-19T22:43:46;2022-12-19T19:19:35;FRENCH
9;2022-12-19T23:35:24;2022-12-20T11:06:50;ENGLISH
10;2022-12-19T19:32:22;2022-12-20T12:29:51;FRENCH
